{"cameraMode":{"drawMode":0,"name":"Shaded","section":"Shading Mode"},"sceneLighting":true,"audioPlay":false,"sceneViewState":{"showFog":false,"showMaterialUpdate":false,"showSkybox":false,"showFlares":false,"showImageEffects":false,"showParticleSystems":false},"in2DMode":false,"pivot":{"x":148.20558166503907,"y":195.25807189941407,"z":-135.85104370117188},"rotation":{"x":-0.3603212237358093,"y":0.407116174697876,"z":-0.1788892149925232,"w":-0.8200435042381287},"size":2.2165606021881105,"orthographic":false}