{"cameraMode":{"drawMode":0,"name":"Shaded","section":"Shading Mode"},"sceneLighting":true,"audioPlay":false,"sceneViewState":{"showFog":false,"showMaterialUpdate":false,"showSkybox":false,"showFlares":false,"showImageEffects":false,"showParticleSystems":false},"in2DMode":false,"pivot":{"x":72.05157470703125,"y":23.68006134033203,"z":66.67845916748047},"rotation":{"x":0.11692990362644196,"y":-0.6664246916770935,"z":0.10677556693553925,"w":0.7287032604217529},"size":1.5402264595031739,"orthographic":false}