{"cameraMode":{"drawMode":0,"name":"Shaded","section":"Shading Mode"},"sceneLighting":true,"audioPlay":false,"sceneViewState":{"showFog":false,"showMaterialUpdate":false,"showSkybox":false,"showFlares":false,"showImageEffects":false,"showParticleSystems":false},"in2DMode":false,"pivot":{"x":62.982688903808597,"y":57.24386215209961,"z":144.38824462890626},"rotation":{"x":-0.21574559807777406,"y":0.6754158139228821,"z":-0.21640463173389436,"w":-0.6713453531265259},"size":2.973492383956909,"orthographic":false}