{"cameraMode":{"drawMode":0,"name":"Shaded","section":"Shading Mode"},"sceneLighting":true,"audioPlay":false,"sceneViewState":{"showFog":false,"showMaterialUpdate":false,"showSkybox":false,"showFlares":false,"showImageEffects":false,"showParticleSystems":false},"in2DMode":false,"pivot":{"x":-34.92942428588867,"y":-14.316823959350586,"z":9.401384353637696},"rotation":{"x":0.18437230587005616,"y":-0.5332767367362976,"z":0.12036668509244919,"w":0.8168008327484131},"size":37.11721420288086,"orthographic":false}